rank,original_rank,symbol,name,market_cap_usd
1,1,BTC,Bitcoin,
2,2,ETH,Ethereum,
3,4,BNB,BNB,
4,6,XRP,XRP,
5,7,ADA,Cardano,
6,8,MATIC,Polygon,
7,9,DOGE,Dogecoin,
8,11,SOL,Solana,
9,12,DOT,Polkadot,
10,14,SHIB,Shiba Inu,
11,15,TRX,TRON,
12,16,LTC,Litecoin,
13,17,AVAX,Avalanche,
14,18,UNI,Uniswap,
15,19,LEO,UNUS SED LEO,
16,20,LINK,Chainlink,
17,22,ATOM,Cosmos,
18,23,TON,Toncoin,
19,24,XMR,Monero,
20,25,ETC,Ethereum Classic,
21,26,OKB,OKB,
22,27,BCH,Bitcoin Cash,
23,28,FIL,Filecoin,
24,29,XLM,Stellar,
25,30,LDO,Lido DAO,
26,32,APT,Aptos,
27,33,HBAR,Hedera,
28,34,CRO,Cronos,
29,35,NEAR,NEAR Protocol,
30,36,APE,ApeCoin,
31,37,VET,VeChain,
32,38,ICP,Internet Computer,
33,39,QNT,Quant,
34,40,ALGO,Algorand,
35,41,GRT,The Graph,
36,42,EOS,EOS,
37,43,FTM,Fantom,
38,44,MANA,Decentraland,
39,45,BIT,BitDAO,
40,46,EGLD,MultiversX,
41,47,AAVE,Aave,
42,48,STX,Stacks,
43,49,XTZ,Tezos,
44,50,THETA,Theta Network,
45,51,FLOW,Flow,
46,52,AXS,Axie Infinity,
47,53,MKR,Maker,
48,54,SAND,The Sandbox,
49,56,KCS,KuCoin Token,
50,57,IMX,ImmutableX,
51,58,CHZ,Chiliz,
52,59,LUNC,Terra Classic,
53,60,OP,Optimism,
54,61,NEO,Neo,
55,63,CRV,Curve DAO Token,
56,64,RPL,Rocket Pool,
57,65,SNX,Synthetix,
58,66,KLAY,Klaytn,
59,67,CAKE,PancakeSwap,
60,68,HT,Huobi Token,
61,69,BSV,Bitcoin SV,
62,70,FXS,Frax Share,
63,72,BTT,BitTorrent-New,
64,73,MINA,Mina,
65,74,DASH,Dash,
66,75,GMX,GMX,
67,76,MIOTA,IOTA,
68,77,ZEC,Zcash,
69,78,XEC,eCash,
70,79,GT,GateToken,
71,80,TWT,Trust Wallet Token,
72,81,PAXG,PAX Gold,
73,82,CFX,Conflux,
74,83,KAVA,Kava,
75,84,AGIX,SingularityNET,
76,85,RNDR,Render Token,
77,86,RUNE,THORChain,
78,87,LRC,Loopring,
79,89,OSMO,Osmosis,
80,90,CVX,Convex Finance,
81,91,XDC,XDC Network,
82,92,CSPR,Casper,
83,93,1INCH,1inch Network,
84,94,FLR,Flare,
85,95,ZIL,Zilliqa,
86,96,ENJ,Enjin Coin,
87,97,BNX,BinaryX (old),
88,98,SSV,ssv.network,
89,99,ETHW,EthereumPoW,
90,100,DYDX,dYdX,
91,101,BONE,Bone ShibaSwap,
92,102,NEXO,Nexo,
93,103,BAT,Basic Attention Token,
94,104,XEM,NEM,
95,105,LUNA,Terra,
96,106,FLOKI,FLOKI,
97,107,HNT,Helium,
98,108,ROSE,Oasis Network,
99,109,FET,Fetch.ai,
100,110,COMP,Compound,
101,111,BAL,Balancer,
102,112,YFI,yearn.finance,
103,113,TFUEL,Theta Fuel,
104,114,T,Threshold,
105,115,WOO,WOO Network,
106,116,RVN,Ravencoin,
107,117,HOT,Holo,
108,118,ANKR,Ankr,
109,119,DCR,Decred,
110,120,QTUM,Qtum,
111,121,CELO,Celo,
112,122,INJ,Injective,
113,123,AR,Arweave,
114,124,KSM,Kusama,
115,125,GNO,Gnosis,
116,126,MAGIC,MAGIC,
117,127,ENS,Ethereum Name Service,
118,128,MOB,MobileCoin,
119,129,LN,LINK,
120,130,SUSHI,SushiSwap,
121,131,XCH,Chia,
122,132,DAO,DAO Maker,
123,133,ASTR,Astar,
124,134,JASMY,JasmyCoin,
125,135,BTG,Bitcoin Gold,
126,136,GALA,Gala,
127,137,MASK,Mask Network,
128,138,AUDIO,Audius,
129,139,ONE,Harmony,
130,140,WAVES,Waves,
131,141,OCEAN,Ocean Protocol,
132,142,IOTX,IoTeX,
133,143,GLMR,Moonbeam,
134,145,GLM,Golem,
135,146,KDA,Kadena,
136,147,JST,JUST,
137,148,BLUR,Blur,
138,149,GMT,STEPN,
139,150,CHSB,SwissBorg,
140,151,BAND,Band Protocol,
141,152,XYM,Symbol,
142,153,ELON,Dogelon Mars,
143,154,SC,Siacoin,
144,155,LQTY,Liquity,
145,156,OMG,OMG Network,
146,157,ICX,ICON,
147,158,FLUX,Flux,
148,159,IOST,IOST,
149,160,ELF,aelf,
150,161,AMP,Amp,
151,162,ZRX,0x,
152,163,RSR,Reserve Rights,
153,164,ONT,Ontology,
154,165,BNX,BinaryX,
155,166,BRISE,Bitgert,
156,167,HIVE,Hive,
157,168,BICO,Biconomy,
158,169,MX,MX TOKEN,
159,170,SKL,SKALE,
160,171,EVER,Everscale,
161,172,SFP,SafePal,
162,173,POLY,Polymath,
163,174,CKB,Nervos Network,
164,175,BORA,BORA,
165,176,WAXP,WAX,
166,177,ILV,Illuvium,
167,178,DGB,DigiByte,
168,179,LPT,Livepeer,
169,180,XCN,Onyxcoin,
170,181,KEEP,Keep Network,
171,182,ACH,Alchemy Pay,
172,183,SXP,Solar,
173,184,CORE,Core,
174,185,SYN,Synapse,
175,186,STORJ,Storj,
176,187,ZEN,Horizen,
177,188,HFT,Hashflow,
178,189,UMA,UMA,
179,190,MULTI,Multichain,
180,191,METIS,MetisDAO,
181,192,LSK,Lisk,
182,193,STG,Stargate Finance,
183,194,AXL,Axelar,
184,195,NFT,APENFT,
185,196,CELR,Celer Network,
186,197,RLC,iExec RLC,
187,198,SYS,Syscoin,
188,199,SLP,Smooth Love Potion,
189,200,TRIBE,Tribe,
190,201,HEX,HEX,
191,204,TMG,T-mac DAO,
192,205,BTCB,Bitcoin BEP2,
193,208,HBTC,Huobi BTC,
194,209,BTTOLD,BitTorrent,
195,210,TNC,TNC Coin,
196,211,BGB,Bitget Token,
197,212,XAUT,Tether Gold,
198,213,WEMIX,WEMIX,
199,214,XRD,Radix,
200,215,FTT,FTX Token,
201,216,NXM,NXM,
202,218,BabyDoge,Baby Doge Coin,
203,219,DFI,DeFiChain,
204,221,ASTRAFER,Astrafer,
205,222,MV,GensoKishi Metaverse,
206,223,EDGT,Edgecoin,
207,224,KAS,Kaspa,
208,225,GNS,Gains Network,
209,226,ALI,Artificial Liquid Intelligence,
210,228,BDX,Beldex,
211,229,TEL,Telcoin,
212,230,LYXe,LUKSO,
213,232,RON,Ronin,
214,233,VVS,VVS Finance,
215,234,BTRST,Braintrust,
216,235,TRAC,OriginTrail,
217,236,EWT,Energy Web Token,
218,237,MED,MediBloc,
219,238,TRU,TrueFi,
220,239,API3,API3,
221,240,KNC,Kyber Network Crystal v2,
222,241,PUNDIX,Pundi X (New),
223,242,RIF,RSK Infrastructure Framework,
224,243,RBN,Ribbon Finance,
225,244,PLA,PlayDapp,
226,245,SCRT,Secret,
227,246,XNO,Nano,
228,247,MC,Merit Circle,
229,248,DEXE,DeXe,
230,250,LOCUS,Locus Chain,
231,251,CHR,Chromia,
232,252,PEOPLE,ConstitutionDAO,
233,253,COCOS,Cocos-BCX,
234,254,GTC,Gitcoin,
235,255,NMR,Numeraire,
236,256,SNT,Status,
237,257,NYM,NYM,
238,258,DENT,Dent,
239,259,VGX,Voyager Token,
240,260,CVC,Civic,
241,261,CFG,Centrifuge,
242,262,REQ,Request,
243,263,CEL,Celsius,
244,264,MRS,Metars Genesis,
245,265,ANT,Aragon,
246,266,REN,Ren,
247,268,VOLT,Volt Inu V2,
248,269,HOOK,Hooked Protocol,
249,270,ONG,Ontology Gas,
250,271,POLYX,Polymesh,
251,272,HUM,Humanscape,
252,273,MNW,Morpheus.Network,
253,274,PYR,Vulcan Forged PYR,
254,275,CTSI,Cartesi,
255,276,MBOX,MOBOX,
256,277,AVINOC,AVINOC,
257,278,REP,Augur,
258,279,ERG,Ergo,
259,280,ORBS,Orbs,
260,281,GAL,Galxe,
261,282,MVL,MVL,
262,283,COTI,COTI,
263,284,ARDR,Ardor,
264,285,CTC,Creditcoin,
265,286,VTHO,VeThor Token,
266,287,RENBTC,renBTC,
267,288,WIN,WINkLink,
268,289,DKA,dKargo,
269,290,ALPHA,Alpha Venture DAO,
270,291,STEEM,Steem,
271,292,PROM,Prom,
272,293,RLY,Rally,
273,294,ZEON,ZEON,
274,295,POWR,Powerledger,
275,296,CQT,Covalent,
276,297,DESO,Decentralized Social,
277,298,NU,NuCypher,
278,299,STPT,STP,
279,300,RAD,Radicle,
280,301,ABBC,ABBC Coin,
281,302,RBTC,RSK Smart Bitcoin,
282,303,PHA,Phala Network,
283,304,POND,Marlin,
284,305,AURA,Aura Finance,
285,306,SPELL,Spell Token,
286,307,SURE,inSure DeFi,
287,308,FUN,FUNToken,
288,309,TSUKA,Dejitaru Tsuka,
289,310,FX,Function X,
290,311,ARRR,Pirate Chain,
291,312,NKN,NKN,
292,313,IQ,IQ,
293,314,JOE,JOE,
294,315,DODO,DODO,
295,316,MDX,Mdex,
296,317,STRAX,Stratis,
297,318,CEEK,CEEK VR,
298,319,DUSK,Dusk Network,
299,320,CTK,Shentu,
300,321,MTL,Metal DAO,
301,322,LCX,LCX,
302,323,MBX,MARBLEX,
303,324,VERI,Veritaseum,
304,325,XVS,Venus,
305,326,SAITAMA,Saitama,
306,327,LOOM,Loom Network,
307,328,BFC,Bifrost,
308,329,VRA,Verasity,
309,330,BSW,Biswap,
310,331,WMT,World Mobile Token,
311,332,BNT,Bancor,
312,333,LOOKS,LooksRare,
313,335,SOLO,Sologenic,
314,336,MLK,MiL.k,
315,337,SRM,Serum,
316,338,CCD,Concordium,
317,339,HIGH,Highstreet,
318,340,LAT,PlatON,
319,341,GRV,Grove Coin,
320,342,XYO,XYO,
321,343,XPRT,Persistence,
322,344,ALICE,MyNeighborAlice,
323,345,QKC,QuarkChain,
324,346,CORE,cVault.finance,
325,347,RACA,RACA,
326,348,ORC,Orbit Chain,
327,349,UOS,Ultra,
328,350,WRX,WazirX,
329,351,TLM,Alien Worlds,
330,352,ACA,Acala Token,
331,354,OXT,Orchid,
332,357,REEF,Reef,
333,358,DERO,Dero,
334,359,SUN,Sun (New),
335,360,DAG,Constellation,
336,361,OGN,Origin Protocol,
337,362,DEL,Decimal,
338,363,TKO,Toko Token,
339,364,QUACK,RichQUACK.com,
340,365,XCAD,XCAD Network,
341,366,RKN,Rakon,
342,367,NEST,NEST Protocol,
343,368,STMX,StormX,
344,369,CBG,Chainbing,
345,370,PENDLE,Pendle,
346,371,ATA,Automata Network,
347,372,GHST,Aavegotchi,
348,373,PERP,Perpetual Protocol,
349,374,BADGER,Badger DAO,
350,375,BETA,Beta Finance,
351,376,AXEL,AXEL,
352,378,SFUND,Seedify.fund,
353,379,MOVR,Moonriver,
354,380,MXC,MXC,
355,381,FORTH,Ampleforth Governance Token,
356,382,DAR,Mines of Dalarnia,
357,383,VBG,Vibing,
358,384,MFT,Hifi Finance (Old),
359,385,YGG,Yield Guild Games,
360,386,VLX,Velas,
361,387,ARK,Ark,
362,388,DAWN,Dawn Protocol,
363,389,BITCI,Bitcicoin,
364,390,VEGA,Vega Protocol,
365,392,UTK,Utrust,
366,394,GODS,Gods Unchained,
367,395,MBL,MovieBloc,
368,396,AERGO,Aergo,
369,397,META,Metadium,
370,398,KEY,SelfKey,
371,399,COL,Clash of Lilliput,
372,400,SSX,SOMESING,
373,401,AOG,smARTOFGIVING,
374,402,CBK,Cobak Token,
375,403,C98,Coin98,
376,404,RAY,Raydium,
377,405,RSS3,RSS3,
378,406,POLIS,Star Atlas DAO,
379,407,KSP,KLAYswap Protocol,
380,408,STRK,Strike,
381,409,MTRG,Meter Governance,
382,410,REV,Revain,
383,411,XVG,Verge,
384,412,SUPER,SuperVerse,
385,413,ALPACA,Alpaca Finance,
386,414,GFT,Gifto,
387,415,MDT,Measurable Data Token,
388,416,EFI,Efinity Token,
389,417,WAN,Wanchain,
390,418,DPI,DeFi Pulse Index,
391,419,BWO,Battle World,
392,420,YFII,DFI.Money,
393,421,UQC,Uquid Coin,
394,422,LTO,LTO Network,
395,423,BLOK,Bloktopia,
396,424,IRIS,IRISnet,
397,425,QUICK,QuickSwap,
398,426,MLN,Enzyme,
399,427,CTXC,Cortex,
400,428,ARPA,ARPA,
401,429,TLOS,Telos,
402,430,DFG,Defigram,
403,431,LYRA,Lyra,
404,432,TT,ThunderCore,
405,433,XWC,WhiteCoin,
406,434,NVIR,NvirWorld,
407,435,ONUS,ONUS,
408,436,POLS,Polkastarter,
409,437,"FCT,FCT2",FirmaChain,
410,438,RARE,SuperRare,
411,439,QLC,Kepple,
412,440,FLM,Flamingo,
413,441,WXT,Wirex Token,
414,442,QOM,Shiba Predator,
415,443,PHB,Phoenix,
416,444,ETN,Electroneum,
417,445,UFO,UFO Gaming,
418,446,HUNT,HUNT,
419,447,LIT,Litentry,
420,448,TOMO,TomoChain,
421,450,HIFI,Hifi Finance,
422,451,TVK,Virtua,
423,452,SWAP,TrustSwap,
424,454,LINA,Linear Finance,
425,455,BOBA,Boba Network,
426,456,DG,DeGate,
427,457,CULT,Cult DAO,
428,458,KLV,Klever,
429,459,SWEAT,Sweat Economy,
430,460,AKT,Akash Network,
431,461,MOC,Moss Coin,
432,462,BIFI,Beefy Finance,
433,463,BTM,Bytom,
434,464,BAR,FC Barcelona Fan Token,
435,465,RAMP,RAMP,
436,466,HI,HI,
437,467,AUCTION,Bounce Governance Token,
438,468,IDEX,IDEX,
439,469,WAIT,Hourglass,
440,470,BAKE,BakeryToken,
441,471,NTX,NuNet,
442,472,LOKA,League of Kingdoms Arena,
443,473,KP3R,Keep3rV1,
444,474,SNM,SONM (BEP-20),
445,475,ALCX,Alchemix,
446,476,PRO,Propy,
447,477,VELO,Velo,
448,478,OPUL,Opulous,
449,479,CRE,Carry,
450,480,ADS,Adshares,
451,482,AURORA,Aurora,
452,483,AIOZ,AIOZ Network,
453,485,GMM,Gamium,
454,486,BOND,BarnBridge,
455,487,BCD,Bitcoin Diamond,
456,488,VRSC,VerusCoin,
457,489,CHNG,Chainge,
458,490,DXD,DXdao,
459,491,DOME,Everdome,
460,492,FIS,StaFi,
461,493,NPT,Neopin,
462,494,DIA,DIA,
463,495,FORT,Forta,
464,496,BTS,BitShares,
465,497,NOIA,Syntropy,
466,498,TIME,Chrono.tech,
467,499,KMD,Komodo,
468,501,AVA,Travala.com,
469,502,WILD,Wilder World,
470,503,LEVER,LeverFi,
471,504,SDAO,SingularityDAO,
472,505,GAFI,GameFi.org,
473,506,GRS,Groestlcoin,
474,507,ORN,Orion Protocol,
475,508,QRDO,Qredo,
476,509,YOOSHI,YooShi,
477,510,RFR,Refereum,
478,511,ATLAS,Star Atlas,
479,512,MONA,MonaCoin,
480,513,TROY,TROY,
481,514,QI,BENQI,
482,515,COVAL,Circuits of Value,
483,516,YLD,Yield App,
484,518,EXRD,e-Radix,
485,519,GAS,Gas,
486,520,UPP,Sentinel Protocol,
487,521,CON,CONUN,
488,523,TPT,TokenPocket,
489,524,AHT,AhaToken,
490,525,DEGO,Dego Finance,
491,526,AQT,Alpha Quark Token,
492,527,FWT,Freeway Token,
493,528,LON,Tokenlon Network Token,
494,530,DEP,DEAPcoin,
495,531,BEL,Bella Protocol,
496,532,ERN,Ethernity,
497,533,AGLD,Adventure Gold,
498,534,KAI,KardiaChain,
499,535,FNCY,FNCY,
500,536,ASD,ASD,
501,537,CLV,CLV,
502,538,ALT,Alitas,
503,539,WOZX,Efforce,
504,540,DATA,Streamr,
505,541,GMT,GMT Token,
506,542,REI,REI Network,
507,543,H2O,H2O DAO,
508,544,DEXT,DEXTools,
509,545,GZONE,GameZone,
510,546,CITY,Manchester City Fan Token,
511,547,VIDT,VIDT DAO,
512,548,BLZ,Bluzelle,
513,549,ALPINE,Alpine F1 Team Fan Token,
514,550,ONIT,ONBUFF,
515,551,GEL,Gelato,
516,552,CHESS,Tranchess,
517,553,PSG,Paris Saint-Germain Fan Token,
518,554,CAPS,Ternoa,
519,555,AE,Æternity,
520,556,NULS,NULS,
521,557,STARL,Starlink,
522,558,ROUTE,Router Protocol,
523,559,BZZ,Swarm,
524,560,DBC,DeepBrain Chain,
525,561,MCT,Metacraft,
526,562,COS,Contentos,
527,563,DF,dForce,
528,564,VXV,Vectorspace AI,
529,565,PIVX,PIVX,
530,566,BNANA,Chimpion,
531,567,NEBL,Neblio,
532,568,APX,ApolloX,
533,569,ADX,Ambire AdEx,
534,570,EPS,Ellipsis,
535,571,VOXEL,Voxies,
536,572,FIO,FIO Protocol,
537,573,RARI,Rarible,
538,574,FIRO,Firo,
539,575,TRB,Tellor,
540,576,GOG,Guild of Guardians,
541,577,BOSON,Boson Protocol,
542,578,CET,CoinEx Token,
543,579,SPS,Splintershards,
544,580,UNFI,Unifi Protocol DAO,
545,581,ULT,Ultiledger,
546,582,LAZIO,S.S. Lazio Fan Token,
547,583,UBT,Unibright,
548,584,SOUL,Phantasma,
549,585,HEZ,Hermez Network,
550,586,HARD,Kava Lend,
551,587,ZBC,Zebec Protocol,
552,588,SOFI,RAI Finance,
553,589,HERO,Metahero,
554,590,SDN,Shiden Network,
555,591,FSN,Fusion,
556,592,FARM,Harvest Finance,
557,593,PRE,Presearch,
558,594,MAP,MAP Protocol,
559,595,DREP,Drep [new],
560,596,ELA,Elastos,
561,597,ICHI,ICHI,
562,598,DIVI,Divi,
563,599,DG,Decentral Games,
564,600,XPR,Proton,
565,601,BURGER,BurgerCities,
566,602,VAI,VAIOT,
567,603,FITFI,Step App,
568,604,vXVS,Venus XVS,
569,605,EPIC,Epic Cash,
570,607,VITE,VITE,
571,608,OM,MANTRA,
572,609,DC,Dogechain,
573,611,PRQ,PARSIQ,
574,613,HNS,Handshake,
575,614,DERC,DeRace,
576,615,EPX,Ellipsis,
577,616,AMB,AirDAO,
578,617,MARO,Maro,
579,618,PIT,Pitbull,
580,619,GF,GuildFi,
581,620,RMRK,RMRK,
582,622,HAI,Hacken Token,
583,623,MPL,Maple,
584,625,MNGO,Mango,
585,626,NMC,Namecoin,
586,627,SANTOS,Santos FC Fan Token,
587,628,CREAM,Cream Finance,
588,629,HELLO,HELLO,
589,630,MDAO,MarsDAO,
590,631,WING,Wing Finance,
591,632,GAL,Galatasaray Fan Token,
592,633,LA,LATOKEN,
593,634,AKRO,Akropolis,
594,635,CRTS,Cratos,
595,636,RFOX,RFOX,
596,637,VIB,Viberate,
597,638,PORTO,FC Porto Fan Token,
598,639,HSF,Hillstone Finance,
599,640,DOCK,Dock,
600,641,CENNZ,CENNZnet,
601,642,MET,Metronome,
602,643,DACXI,Dacxi,
603,644,BMX,BitMart Token,
604,645,AUTO,Auto,
605,646,DNT,district0x,
606,647,PNK,Kleros,
607,648,BAX,BABB,
608,649,FRONT,Frontier,
609,650,TOKE,Tokemak,
610,651,DX,DxChain Token,
611,652,KILT,KILT Protocol,
612,653,STC,Student Coin,
613,654,OOKI,Ooki Protocol,
614,655,FOR,ForTube,
615,656,FIDA,Bonfida,
616,657,WLKN,Walken,
617,658,EGG,Nestree,
618,659,PLU,Pluton,
619,660,GFI,Goldfinch,
620,661,MEV,MEVerse,
621,662,GXA,GALAXIA,
622,663,DPR,Deeper Network,
623,664,WTC,Waltonchain,
624,665,JEWEL,DeFi Kingdoms,
625,666,ALU,Altura,
626,667,HTR,Hathor,
627,668,DORA,Dora Factory,
628,669,KUNCI,Kunci Coin,
629,670,STRM,StreamCoin,
630,671,PERL,PERL.eco,
631,672,GET,GET Protocol,
632,673,PTS,Petals,
633,674,CHO,Choise.com,
634,675,CUBE,Somnium Space Cubes,
635,676,ES,Era Swap,
636,677,NCT,PolySwarm,
637,678,FUSE,Fuse Network,
638,679,AST,AirSwap,
639,680,NAKA,Nakamoto Games,
640,681,MLT,MILC Platform,
641,682,FRA,Findora,
642,683,AMO,AMO Coin,
643,684,XHV,Haven Protocol,
644,685,DVF,rhino.fi,
645,686,PNT,pNetwork,
646,687,UNCX,UniCrypt,
647,688,PROS,Prosper,
648,689,FUND,Unification,
649,690,HDAO,HyperDAO,
650,691,TABOO,TABOO TOKEN,
651,692,SOV,Sovryn,
652,693,GST,Green Satoshi Token (SOL),
653,694,ALEPH,Aleph.im,
654,695,SOLVE,SOLVE,
655,696,ASM,Assemble Protocol,
656,697,SAITO,Saito,
657,698,POOLZ,Poolz Finance,
658,699,HOPR,HOPR,
659,700,BOO,SpookySwap,
660,702,AFC,Arsenal Fan Token,
661,703,ETHAX,ETHAX,
662,704,ATOLO,RIZON,
663,705,OAX,OAX,
664,706,DAD,DAD,
665,707,SAMO,Samoyedcoin,
666,708,HYDRA,Hydra,
667,709,CVP,PowerPool,
668,710,KAR,Karura,
669,711,BSCPAD,BSCPAD,
670,712,PDEX,Polkadex,
671,713,TAMA,Tamadoge,
672,714,MATH,MATH,
673,715,GNY,GNY,
674,716,BANANA,ApeSwap,
675,717,APM,apM Coin,
676,718,SUKU,Suku,
677,719,CPOOL,Clearpool,
678,720,PPC,Peercoin,
679,721,MIX,MixMarvel,
680,722,GOC,GoCrypto Token,
681,723,DAFI,DAFI Protocol,
682,724,HEGIC,Hegic,
683,725,ACM,AC Milan Fan Token,
684,726,ADP,Adappter Token,
685,727,BEPRO,BEPRO Network,
686,728,SOS,OpenDAO,
687,729,SWTH,Carbon Protocol,
688,730,NIM,Nimiq,
689,731,FOX,Shapeshift FOX Token,
690,732,ABT,Arcblock,
691,733,DLC,Diamond Launch,
692,734,KATA,Katana Inu,
693,735,BDP,Big Data Protocol,
694,736,ORB,Orbcity,
695,737,HOGE,Hoge Finance,
696,738,NUM,Numbers Protocol,
697,739,AURY,Aurory,
698,740,DFA,DeFine,
699,741,ZKS,ZKSpace,
700,742,THN,Throne,
701,743,STOS,Stratos,
702,744,GBYTE,Obyte,
703,745,SIDUS,SIDUS,
704,746,UFT,UniLend,
705,747,QSP,Quantstamp,
706,748,MCB,MUX Protocol,
707,749,OOE,OpenOcean,
708,750,PKF,Firebird,
709,751,JUV,Juventus Fan Token,
710,752,BLT,Blocto Token,
711,753,KRL,Kryll,
712,754,CRU,Crust Network,
713,755,NRG,Energi,
714,756,KDAG,King DAG,
715,757,LSS,Lossless,
716,758,TREEB,Retreeb,
717,759,DVI,Dvision Network,
718,760,ERC20,ERC20,
719,761,TTT,The Transfer Token,
720,762,WABI,Wabi,
721,763,IMPT,IMPT,
722,764,SIX,SIX,
723,765,KAN,BitKan,
724,767,SLND,Solend,
725,768,SERO,Super Zero Protocol,
726,769,EUM,Elitium,
727,770,VBIT,Valobit,
728,772,OXEN,Oxen,
729,773,CERE,Cere Network,
730,774,VINU,Vita Inu,
731,775,GARI,Gari Network,
732,776,VRT,Venus Reward Token,
733,777,DMD,Diamond,
734,778,SENSO,SENSO,
735,779,KAT,Kambria,
736,780,BABY,BabySwap,
737,781,INTER,Inter Milan Fan Token,
738,782,VEED,VIMworld,
739,783,NFTX,NFTX,
740,784,ZNN,Zenon,
741,785,PUSH,Push Protocol,
742,786,NAP,Napoli Fan Token,
743,787,BASIC,BASIC,
744,788,SD,Stader,
745,789,SFD,SAFE DEAL,
746,790,XTP,Tap,
747,791,RISE,EverRise,
748,792,ORAI,Oraichain,
749,793,BTSE,BTSE,
750,794,XOR,SORA,
751,795,VR,Victoria VR,
752,796,HAPI,HAPI Protocol,
753,797,HAM,Hamster,
754,798,URUS,Aurox,
755,799,NSBT,Neutrino Token,
756,800,DDX,DerivaDAO,
757,801,PTU,Pintu Token,
758,802,CRPT,Crypterium,
759,803,APL,Apollo Currency,
760,804,XDEFI,XDEFI Wallet,
761,805,OG,OG Fan Token,
762,806,SWASH,Swash,
763,807,PART,Particl,
764,808,ATM,Atletico De Madrid Fan Token,
765,809,KIN,Kin,
766,810,ROOK,Rook,
767,811,CIV,Civilization,
768,812,VTC,Vertcoin,
769,813,ZANO,Zano,
770,814,QASH,QASH,
771,815,MAN,Matrix AI Network,
772,816,ACX,Across Protocol,
773,817,RAINI,Rainicorn,
774,818,SCLP,Scallop,
775,819,GOVI,Govi,
776,820,WICC,WaykiChain,
777,821,PALLA,Pallapay,
778,822,QRL,Quantum Resistant Ledger,
779,823,BOA,BOSagora,
780,824,GO,GoChain,
781,825,VEE,BLOCKv,
782,826,MIR,Mirror Protocol,
783,827,MANC,Mancium,
784,828,XNC,XeniosCoin,
785,829,XMC,Monero Classic,
786,830,CUDOS,CUDOS,
787,831,SHPING,SHPING,
788,832,ZCN,Zus,
789,833,EL,ELYSIA,
790,834,MVC,MileVerse,
791,835,WRLD,NFT Worlds,
792,836,TRVL,TRVL,
793,837,IHF,Invictus Hyperion Fund,
794,838,GRID,Grid+,
795,839,SOCKS,Unisocks,
796,840,MWC,MimbleWimbleCoin,
797,841,LBC,LBRY Credits,
798,842,BRG,Bridge Oracle,
799,843,ANC,Anchor Protocol,
800,844,KOK,KOK,
801,845,PZM,PRIZM,
802,847,NXS,Nexus,
803,848,FYN,Affyn,
804,849,BTCST,Bitcoin Standard Hashrate Token,
805,850,RING,Darwinia Network,
806,851,OBSR,Observer,
807,852,CELL,Cellframe,
808,853,TONE,TE-FOOD,
809,854,MASQ,MASQ,
810,855,RAE,Receive Access Ecosystem,
811,856,TEMCO,TEMCO,
812,857,CLO,Callisto Network,
813,858,QTCON,Quiztok,
814,859,TOWN,Town Star,
815,860,VAL,Validity,
816,861,CIRUS,Cirus Foundation,
817,862,NYE,NewYork Exchange,
818,863,DIME,Dimecoin,
819,864,K21,K21,
820,865,CGO,Comtech Gold,
821,866,BIOT,BioPassport Token,
822,867,MCRT,MagicCraft,
823,868,CAS,Cashaa,
824,869,NWC,Newscrypto,
825,870,MITX,Morpheus Labs,
826,871,DFYN,Dfyn Network,
827,872,DSLA,DSLA Protocol,
828,873,SPA,Sperax,
829,874,PNG,Pangolin,
830,875,RAI,Rai Reflex Index,
831,876,AVT,Aventus,
832,877,CTX,Cryptex Finance,
833,878,TRR,Terran Coin,
834,879,XED,Exeedme,
835,880,THG,Thetan Arena,
836,881,BAN,Banano,
837,882,TORN,Tornado Cash,
838,883,BUY,Buying.com,
839,884,WOM,Wombat Exchange,
840,885,IHC,Inflation Hedging Coin,
841,886,XEP,Electra Protocol,
842,887,GFI,Gravity Finance,
843,888,ASTA,ASTA,
844,889,ZYN,Zynecoin,
845,890,RED,RED TOKEN,
846,891,CGG,ChainGuardians,
847,893,LTX,Lattice Token,
848,894,LAND,Landshare,
849,895,DERI,Deri Protocol,
850,896,ARIA20,Arianee,
851,897,PEEL,Meta Apes,
852,898,SHIRYO,Shiryo,
853,899,REAP,ReapChain,
854,900,EMRX,Emirex Token,
855,901,vLTC,Venus LTC,
856,902,RDD,ReddCoin,
857,903,EPIK,EPIK Prime,
858,904,WHALE,WHALE,
859,905,GRND,SuperWalk,
860,906,SHFT,Shyft Network,
861,907,XCP,Counterparty,
862,908,XDB,DigitalBits,
863,909,VSYS,v.systems,
864,910,SALT,SALT,
865,911,OVR,OVR,
866,912,AWC,Atomic Wallet Coin,
867,913,ASR,AS Roma Fan Token,
868,914,AIMX,Aimedis (new),
869,915,DVPN,Sentinel,
870,916,DOV,Dovu,
871,917,UPUNK,Unicly CryptoPunks Collection,
872,918,CBX,CropBytes,
873,919,PIP,Pip,
874,921,FST,1irstcoin,
875,922,SHILL,SHILL Token,
876,923,OXB,Oxbull.tech,
877,924,REV,RChain,
878,925,PKT,PKT,
879,926,KROM,Kromatika,
880,927,IPAD,Infinity PAD,
881,928,DHT,dHedge DAO,
882,929,GULF,Gulf Coin,
883,930,PBR,PolkaBridge,
884,931,ONE,BigONE Token,
885,932,BF,BitForex Token,
886,933,POSI,Position Exchange,
887,934,ARV,Ariva,
888,935,DYP,Dypius,
889,936,SPC,SpaceChain,
890,937,MOF,Molecular Future,
891,938,PCX,ChainX,
892,939,FCT,Factom,
893,940,TITAN,TitanSwap,
894,941,BOTTO,Botto,
895,942,KMA,Calamari Network,
896,943,SIGNA,Signum,
897,944,RVF,RocketX exchange,
898,945,SHR,ShareToken,
899,946,PLASTIK,Plastiks,
900,947,EQUAD,QuadrantProtocol,
901,948,POLA,Polaris Share,
902,949,EVZ,Electric Vehicle Zone,
903,950,MEME,Memetic / PepeCoin,
904,951,STAKE,STAKE,
905,952,BLP,BullPerks,
906,953,BUX,BUX Token,
907,954,XPX,ProximaX,
908,955,VSP,Vesper,
909,956,DICE,Klaydice,
910,957,SCP,ScPrime,
911,958,FRTS,Fruits,
912,959,LOVELY,Lovely Inu Finance,
913,960,GRIN,Grin,
914,961,BEND,BendDAO,
915,962,BTC2,Bitcoin 2,
916,963,CCT,Carbon Credit,
917,964,IGNIS,Ignis,
918,965,WIKEN,Project WITH,
919,966,AZIT,Azit,
920,967,OGV,Origin Dollar Governance,
921,968,PEAK,PEAKDEFI,
922,969,HIBS,Hiblocks,
923,970,BCN,Bytecoin,
924,971,GHX,GamerCoin,
925,972,XMON,XMON,
926,973,CRP,Crypton,
927,974,LBL,LABEL Foundation,
928,975,BNC,Bifrost,
929,976,BONDLY,Forj(Bondly),
930,977,MYST,Mysterium,
931,978,MOOV,Dotmoovs,
932,979,MOD,Modefi,
933,980,XRT,Robonomics.network,
934,981,JUP,Jupiter,
935,982,SWFTC,SwftCoin,
936,983,GLCH,Glitch,
937,984,ATRI,Atari Token,
938,985,GMEE,GAMEE,
939,986,BEAM,Beam,
940,987,SYLO,Sylo,
941,988,XTN,Neutrino Index,
942,989,CHI,Xaya,
943,990,BTR,Bitrue Coin,
944,991,RAVEN,Raven Protocol,
945,992,ASK,Permission Coin,
946,993,SLIM,Solanium,
947,994,MBS,MonkeyLeague,
948,995,RUSH,RUSH COIN,
949,996,UNO,Uno Re,
950,997,TRA,Trabzonspor Fan Token,
951,998,POLK,Polkamarkets,
952,999,PROB,ProBit Token,
953,1000,FOAM,FOAM,
